parent_topic,source_url,page_title,publisher_or_author,language,extracted_at,data_format,information_category,extracted_content,has_media,http_status,confidence_score
FIFA World Cup 2026 win predictions,https://www.espn.com/soccer/,"Soccer on ESPN - Scores, Stats and Highlights",Unknown Publisher,en,2026-06-16T19:55:23.515052+00:00,text_paragraph,win_predictions,"Watch your favorite events in the newly enhanced ESPN App. Learn more about what plan is right for you.
Eleven NFL stadiums are playing host to the World Cup this summer, but each have required substantial alterations to host the beautiful game.
Welcome to the 2026 World Cup, where everything is bigger and louder than ever before.
There are many fears swirling around the 2026 FIFA World Cup. Here are six issues, according to Gab Marcotti -- and six reasons why it still be a success.
Check out the groups for the 2026 FIFA World Cup in the U.S., Canada and Mexico, along with everything you need to know about the tourney's format.
Here's everything you need to know about what teams need to do to reach the knockout rounds of the 2026 World Cup.
Here's what you need to know about offside, why it exists and how it will be implemented at the 2026 World Cup.
With Cristiano Ronaldo on the quest to score 1,000 goals, ESPN provides goal-by-goal analysis of the Portuguese superstar's quest.
ESPN provides game-by-game analysis of Lionel Messi's performances for Inter Miami and Argentina.",True,200,0.8
FIFA World Cup 2026 win predictions,https://technosports.co.in/watch-fifa-world-cup-2026-live-in-india-free/,"How to Watch FIFA World Cup 2026 LIVE in India: TV Channels, Free Streaming & Match Timings in IST",Unknown Publisher,en,2026-06-16T19:55:23.574938+00:00,text_paragraph,win_predictions,"How to Watch FIFA World Cup 2026 LIVE in India: Your Complete Guide After months of nerve-wracking uncertainty — with broadcasters walking away and deadlines flying by — Indian football…
After months of nerve-wracking uncertainty — with broadcasters walking away and deadlines flying by — Indian football fans can finally breathe. The FIFA World Cup 2026 is coming to your screens, and it’s arriving courtesy of a landmark deal that will keep football fans glued to their TVs and phones all the way until 2034. Here’s everything you need to know.
The FIFA World Cup 2026 will be shown live on television on Zee Entertainment’s newly launched Unite8 Sports network channels, with live streaming of the tournament available on the ZEE5 platform.
The broadcast deal, announced just 10 days before the tournament begins on June 11, secured television and digital broadcast rights for football’s biggest event as well as a host of other FIFA competitions through 2034. This isn’t just a World Cup deal — it’s a decade-long partnership that locks India into premium FIFA football until 2030 and beyond.
The 2026 World Cup broadcast agreement was part of a deal that covers major FIFA tournaments for audiences in India until 2034, including the 2030 World Cup, the 2027 Women’s World Cup, and several other FIFA competitions.
Read more:Watch FIFA World Cup 2026 on JioTV+: Jio Seals Last-Minute Deal With Zee
Read more:FIFA World Cup 2026 Schedule, Indian Timings & Where to Watch LIVE
Because the tourname...",True,200,1.0
FIFA World Cup 2026 win predictions,https://www.foxsports.com/soccer/2026-fifa-world-cup,Men's FIFA World Cup 2026 - Watch Live Matches Streaming | FOX Sports,Unknown Publisher,en,2026-06-16T19:55:23.798785+00:00,text_paragraph,win_predictions,"The 2026 FIFA World Cup™ in North America is the 23rd edition of the biggest sporting event on the planet. The tournament is already full of firsts as it is the first to feature 48 teams and to be co-hosted by three countries (United States, Canada and Mexico). The FOX Sports app is your complete home for World Cup content, including live scores, highlights, commentary and analysis, and full-match replays. Watch live matches on FOX or stream onFOX Oneby signing in with your TV provider or signing up.
The FIFA World Cup 2026™ is scheduled from Thursday, June 11 to Sunday, July 19, 2026.
The tournament is being co-hosted by the United States, Canada and Mexico. It is the first time three countries will share hosting duties. Mexico hosted the 1970 and 1986 tournaments. The USA has hosted once before in 1994. This will be the first time for Canada.
Matches will be broadcast on FOX, FS1, FOXSports.com and FOX One, the official streaming platform—sign in with your TV provider or sign up.
World Cup qualifiers are regional tournaments where national teams compete to earn a spot in the FIFA World Cup based on their performance in group and knockout matches. There are six regions that each have a certain number of qualification slots. A select number of playoff spots are also available. At the end of the process, there will be 48 total teams in the World Cup.
As a co-host, the United States Men's National Team automatically qualified for the 2026 World Cup. In the 2022 World Cup, they ...",True,200,0.9
FIFA World Cup 2026 win predictions,https://www.espn.com/soccer/worldcup/,"FIFA Men's World Cup on ESPN - Scores, Stats, News and Analysis",Unknown Publisher,en,2026-06-16T19:55:24.052694+00:00,text_paragraph,win_predictions,"Watch your favorite events in the newly enhanced ESPN App. Learn more about what plan is right for you.
Eleven NFL stadiums are playing host to the World Cup this summer, but each have required substantial alterations to host the beautiful game.
Welcome to the 2026 World Cup, where everything is bigger and louder than ever before.
There are many fears swirling around the 2026 FIFA World Cup. Here are six issues, according to Gab Marcotti -- and six reasons why it still be a success.
Check out the groups for the 2026 FIFA World Cup in the U.S., Canada and Mexico, along with everything you need to know about the tourney's format.
Here's everything you need to know about what teams need to do to reach the knockout rounds of the 2026 World Cup.
Here's what you need to know about offside, why it exists and how it will be implemented at the 2026 World Cup.",True,200,0.8
FIFA World Cup 2026 win predictions,https://fifa-worldcup26.com/,"FIFA World Cup 2026: Live Scores, Schedule, Tickets & Travel",Unknown Publisher,en,2026-06-16T19:55:24.207721+00:00,text_paragraph,win_predictions,"The2026 FIFA World Cupis officially LIVE! The globe’s most massive sporting event has begun across the United States, Mexico, and Canada. With the 48-team roster finalized and the group stages underway, the action is moving at a breakneck pace.
From June 11 to July 19, 2026, an unprecedented 104 thrilling world cup games will take place across 16 North American host cities. With all 48 teams confirmed, fans are aggressively securing their 2026 World Cup tickets via the official resale markets.
Whether you are planning a trip to North America, following your national team, or searching for the latest tournament information, this guide covers every aspect of the FIFA World Cup 2026. Explore the complete match schedule, qualified teams, host stadiums, ticket information, travel advice, group standings, and live tournament updates from the opening match in Mexico City to the final at MetLife Stadium in New Jersey.
The final countdown is on. Here are the critical milestones before the world arrives in North America for the biggest tournament in history.
The groups were officially drawn in Washington D.C., setting the stage for the tournament. (Completed)
The final 6 teams secure their spots in the tournament through the ultimate playoff rounds.
The final opportunity for fans to secure official tickets via the FIFA portal on a first-come, first-served basis has ended.
All 48 nations are officially locking in their 26-man rosters for the tournament.
The wait is over. The tournament ...",True,200,1.0
FIFA World Cup 2026 win predictions,https://www.espn.com/soccer/league/_/name/eng.1,"English Premier League News, Stats, Scores  - ESPN",Unknown Publisher,en,2026-06-16T19:55:24.329396+00:00,text_paragraph,win_predictions,"Tottenham have agreed a £52 million ($69.8m) deal to sign Jan Paul van Hecke from Brighton, sources have told ESPN.
Tottenham have entered the race to sign Sandro Tonali but Newcastle may demand a fee in the region of £100million, sources have told ESPN.
Manchester United have set a £40 million transfer valuation on Marcus Rashford sources have told ESPN.
Manchester United seek £40m transfer fee for Marcus Rashford after Barcelona reject chance to complete permanent deal. Sources tell ESPN that United rule out offloading Rashford Liverpool or Manchester City.
Newcastle United midfielder Sandro Tonali now has Tottenham Hotspur on his trail. Transfer Talk has the latest.
Which Premier League players from your team are representing their country at the 2026 World Cup in the United States, Canada and Mexico?
Everything that Premier League and EFL supporters need to know about the 2026 summer transfer window, and key dates around it.
Here's every Premier League in and out before the 2026-27 season begins.
AS Roma are set to make a move to sign Marseille striker Mason Greenwood. Transfer Talk has the latest.
The 2026 summer transfer window is open. Here is how we rated the biggest deals.
Erling Haaland tells ESPN he is ready to make his World Cup debut and show his love for Norway on football's biggest stage.
Manchester United's 2026-27 campaign will be the subject of a new fly-on-the-wall documentary series for Amazon Prime, it has been announced.
The transfer window is open in Pr...",True,200,0.9
FIFA World Cup 2026 win predictions,https://www.fifaworldcupnews.com/fifa-world-cup-2026-groups/,FIFA World Cup 2026 Groups - 48 teams | 104 matches | 12 Groups,Unknown Publisher,en,2026-06-16T19:55:24.407893+00:00,text_paragraph,win_predictions,"Latest FIFA World Cup News, Live Score, Match schedule, Results, Team Score and more
The wait is finally over! FIFA’s December 5, 2025, draw at Washington D.C.’s Kennedy Center has revealed all 12 groups for the historic2026 FIFA World Cup. With48 teamscompeting across theUnited States,Canada, andMexico, this tournament promises to deliver the most thrilling World Cup action in history.
Here’s everything you need to know about the FIFA World Cup 2026 Groups, blockbuster matchups, and what to expect when the action kicks off onJune 11, 2026.
The48-team formatcreates12 groups of four, with the top two teams from each group plus the eight best third-place finishers advancing to a brand newRound of 32. This expansion means more nations, more matches, and more opportunities for unforgettable moments.
Mexico gets the honour of opening the tournament at the legendary Estadio Azteca onJune 11—exactly 16 years after hosting the 2010 opener against South Africa. That’s right, we’re getting a rematch! South Korea brings World Cup pedigree, while theUEFA playoff winnerCzech Republic, ends a 20-year absence from the tournament.
Why This Matters:Mexico is under massive pressure to perform on home soil. Anything less than advancing would be devastating for El Tri fans.
Brazil headlines this group after beingdrawnfirst in the entire ceremony. Morocco, fresh off their stunning 2022 semifinal run, will be hungry to prove it wasn’t a fluke. Canada gets home-field advantage, while Switzerland co...",True,200,1.0
FIFA World Cup 2026 win predictions,https://www.espn.com/soccer/league/_/name/usa.nwsl,"NWSL News, Stats, Scores  - ESPN",Unknown Publisher,en,2026-06-16T19:55:24.439937+00:00,text_paragraph,win_predictions,"Super Falcons goalkeeper Chiamaka Nnadozie says she is looking forward to welcoming Nigerian teenager Zadok Yohanna and helping him settle into life at Brighton & Hove Albion.
The USL Super League will flip its calendar to begin play in the spring and end its season in the fall beginning in 2027, which will align the Super League with the NWSL.
South Africa's Banyana Banyana will visit Japan at the Yanmar Hanasaka Stadium on Saturday in the first of two friendly matches as they continue their preparations for the upcoming Women's Africa Cup of Nations (WAFCON).
Malawi star Temwa Chawinga returned to her scorching best in May in the NWSL for the Kansas City Current, while her sister Tabitha Chawinga did the most for Lyon in France.
Audi Field in Washington, D.C., will host the 2026 NWSL Championship on Nov. 21, the league announced on Wednesday.
The self-proclaimed ""Triple Espresso"" of United States women's national team forwards Trinity Rodman, Sophia Wilson and Mallory Swanson trained together this week for the first time since the 2024 Olympics.
Washington Spirit forward Gift Monday and veteran striker Asisat Oshoala were named in Nigeria's squad for two international friendlies against Senegal, part of Nigeria's build-up to the 2026 WAFCON.
Thought the Utah Royals were a fluke? They're still on top of ESPN's NWSL Power Rankings, as the Portland Thorns struggle to keep pace.
Portland Thorns forward Sophia Wilson scored an equalizer from the penalty spot to earn her team a 2...",True,200,0.9
FIFA World Cup 2026 win predictions,https://www.espn.com/soccer/league/_/name/esp.1,"Spanish LALIGA News, Stats, Scores  - ESPN",Unknown Publisher,en,2026-06-16T19:55:24.496346+00:00,text_paragraph,win_predictions,"Defender Antonio Rüdiger has extended his contract with Real Madrid until 2027, the Spanish club announced Tuesday.
Former Wolves and Nottingham Forest striker Rafa Mir has received an eight and-a-half year prison sentence by a court in Spain after being found guilty of sexual assault.
The 2026 summer transfer window is open. Here is how we rated the biggest deals.
Barcelona's option to sign Marcus Rashford for €30 million (£35m) is set to expire on Monday without the Spanish champions activating the clause.
The transfer window is open in Premier League and will be soon in Europe, so who is available? It's our big board!
Real Madrid have agreed a deal worth up to £51.8 million (€60 million/$69.3 million) with Chelsea to sign Marc Cucurella, sources have told ESPN.
Ferran Torres refused to discuss speculation about his future at Barcelona -- and links with Paris Saint-Germain -- ahead of Spain's World Cup debut against Cape Verde.
Throughout the season, ESPN has asked LaLiga players and coaches what it's like to take on the duo who are set to be the World Cup's biggest stars.
France forward Ousmane Dembélé has said that criticism of his teammate Kylian Mbappé has ""gone too far"" with the Real Madrid star taking the brunt of the scrutiny for the LaLiga side's poor form.
Benfica president Rui Costa has revealed José Mourinho would have left the Lisbon club even if Florentino Pérez had lost Real Madrid's presidential elections.
Real Madrid have confirmed the appointment of José Mo...",True,200,0.8
FIFA World Cup 2026 win predictions,https://www.espn.com/college-sports/football/recruiting/,2024 Recruit College Football Class and Player Rankings - ESPN,Unknown Publisher,en,2026-06-16T19:55:24.689673+00:00,text_paragraph,win_predictions,"How do the 2026 freshmen compare to upcoming classes? How many juniors could be immediate starters?
We rank the top 300 college football recruits in the Class of 2026.
Lincoln Riley and the Trojans break the SEC's five-year grip on football recruiting supremacy.",True,200,0.7
FIFA World Cup 2026 win predictions,https://www.espn.com/soccer/story/_/id/49082374/man-utd-marcus-rashford-valuation-barcelona-man-city-liverpool,Man Utd set £40m valuation on Marcus Rashford but Liverpool and Man City cannot trigger release clause - sources - ESPN,Unknown Publisher,en,2026-06-16T19:55:24.714088+00:00,text_paragraph,win_predictions,"Manchester Unitedhave set a £40 million ($34.8 million) transfer valuation onMarcus Rashfordsources have told ESPN, but ruled out the possibility of a move to traditional rivalsLiverpoolorManchester City, afterBarcelonarejected the chance to sign the forward on a permanent deal.
Rashford, 28, is in the United States preparing for England's World Cup opener againstCroatiain Dallas on Wednesday, but the forward now faces an uncertain club future following Barcelona's decision not to trigger a €30 million option to convert his season-long deal into a full transfer.
The Manchester-born player scored 14 goals and registered 14 assists in 49 appearances for Hansi Flick's team last season, helping the club to the LaLiga title.
But Barcelona's £69.3 million ($93 million) move for Newcastle United'sAnthony Gordonearlier this month scuppered Rashford's hopes of a full-time deal at Camp Nou and he will now be expected to return to United later this summer following an extended break at the end of his World Cup commitments.
Rashford has made over 400 senior appearances for United since making his debut under Louis van Gaal in Feb 2016 and he still has two years left to run on a £350,000 ($470,000)-a-week contract at Old Trafford.
-Man United feature in new Amazon 'All or Nothing' documentary-Transfer rumors, news: Roma to move for ex-Man United striker Greenwood?
Sources have said that Rashford favours seeing out the remainder of his United contract over a move to anotherPremier Leaguecl...",True,200,0.7
FIFA World Cup 2026 win predictions,https://www.espn.com/soccer/league/_/name/uefa.champions,"UEFA Champions League News, Stats, Scores  - ESPN",Unknown Publisher,en,2026-06-16T19:55:24.877517+00:00,text_paragraph,win_predictions,"Fresh from another Champions League triumph with Paris Saint-Germain -- with the rightback returning from injury to excel in the final -- Hakimi is the captain of the most accomplished Morocco side ever assembled.
UEFA appoint Somali referee Omar Artan to take charge of Super Cup clash between PSG v Aston Villa in Salzburg in August. Artan refused entry to USA despite being appointed to officials list by FIFA for World Cup
Andoni Iraola confirmed as new Liverpool head coach. Former Bournemouth coach succeeds Arne Slot at Anfield
Marquinhos consoled Arsenal's Gabriel Magalhães after his penalty miss in Saturday's Champions League final because he suffered the same painful experience.
French authorities confirmed that a person has died and two other people are in serious condition after overnight celebrations in the country.
Declan Rice and Noni Madueke have hit back at Arsenal's critics after their Champions League final loss.
Arsenal's Premier League title triumph has been years in the making. For the first time, ESPN can reveal the strategy which took them back to the top.
Arsenal defender Gabriel has admitted their Champions League penalty shoot-out defeat was ""painful"" as the Gunners prepared for their open-top bus parade.
Luis Enrique's Paris Saint-Germain have found their own blueprint for European dominance, and it has won them back-to-back Champions League titles.
Everything you need to know about Arsenal's parade following their Premier League title win.
Arsenal were ...",True,200,0.8
FIFA World Cup 2026 win predictions,https://www.espn.com/soccer/transfers-news-and-features/,Soccer Transfer News and Rumors - ESPN,Unknown Publisher,en,2026-06-16T19:55:25.002235+00:00,text_paragraph,win_predictions,"The 2026 summer transfer window is open. Here is how we rated the biggest deals.
Find out when the 2026 summer transfer window will close in the Premier League, LaLiga, Serie A, Bundesliga and Ligue 1.
All right: We've covered the best deals in PL history, but what makes a bad deal? Whatever the reasons behind them, here are the 50 worst since the league began in 1992.
What makes a great signing? Is it trophies won, goals scored, a long run of dominance ... or all of the above? Bill Connelly breaks down the best 50 Premier League moves since it began in 1992-93.
The WSL transfer deadline is over. Here are the clubs who can count the past month as a success, and those who may wish they had done more.
Deadline day was extremely quiet and the winter transfer window as a whole had its share of perplexing player moves. Here are our winners and losers.",True,200,0.7
FIFA World Cup 2026 win predictions,https://www.espn.com/soccer/league/_/name/usa.1,"MLS News, Stats, Scores  - ESPN",Unknown Publisher,en,2026-06-16T19:55:25.108169+00:00,text_paragraph,win_predictions,"U.S. referee Tori Penso was assigned to officiate The Group A match between Czechia and South Africa in Atlanta on Thursday, making her the second woman to take charge of a men's World Cup match.
The San Jose Earthquakes signed coach Bruce Arena to a new contract on Monday that runs through the 2028-29 MLS season.
As Germany opens its World Cup against Curacao on Sunday, one of its players may end up extending his stay in the United States beyond the tournament.
Ex-Chelsea and England captain John Terry hailed Bafana Bafana's Mbekezeli Mbokazi ahead of the World Cup.
Everything about the 2026 World Cup is bigger and different, and the stadium in Toronto is no exception.
South Korea captain Son Heung-min says he feels like a ""kid"" as he enters his fourth World Cup, where he will debut against the Czech Republic in a Group A match in Guadalajara on Thursday.
ESPN provides game-by-game analysis of Lionel Messi's performances for Inter Miami and Argentina.
Son Heung-Min's previous three World Cups perfectly mirrored where he was in his career. So what does 2026 hold for him?
Two years after Gregg Berhalter was fired as coach, son Sebastian will play for the USMNT at the World Cup. ""I never could have picked him,"" Gregg said.
Over 40 MLS players were called up to represent their countries at the 2026 World Cup. Find out who made the list.
Lucas Herrington is aware of the hype surrounding his rapid rise to the Socceroos and the growing talk of European club interest, but he's not a...",True,200,1.0
FIFA World Cup 2026 win predictions,https://www.espn.com/soccer/story/_/id/49020508/fifa-world-cup-live-updates-france-kick-tournament-vs-senegal,World Cup live updates: Senegal keeping France at arm's length - ESPN,Unknown Publisher,en,2026-06-16T19:55:25.305433+00:00,text_paragraph,win_predictions,"It's now time forLes Bleusto kick off theirFIFA World Cupcampaign as they take on African powerhouseSenegalat MetLife Stadium.
Can Didier Deschamps' team, with all of their star players, impress in their first game, or will the Lions of Teranga spoil their party as they did in their 2002 World Cup opener?
Join us for all the updates from East Rutherford, New Jersey.",True,200,0.7
 timeframe rules him out of the World Cup so England have turned to Chalobah to replace him.
""Arrangements are now being made for theChelseadefender to make the journey to the team's base camp in Kansas City, while the rest of the squad will head to Dallas, Texas for the Three Lions' opening group fixture against Croatia on Wednesday,"" a statement from the FA read.
""FIFA regulations allow participating teams to replace an outfield player up to 24 hours before their opening fixture.""
The news will come as a sizeable blow to Thomas Tuchel's plans. Livramento can cover both right and left back but came into the tournament low on match time having missed the last two months of the season with a thigh injury.
He played the second half of England's 1-0 win overNew Zealandin Florida, but was an unused substitute for their final pre-World Cup warmup againstCosta Rica.
-FA chief acknowledges performance clause in Tuchel contract but 'confident' German will be successful-Harry Maguire reveals 'awkward' Thomas Tuchel call explaining England World Cup snub-60 years of hurt - revisiting every England World Cup exit since 1966
Chalobah h...",True,200,0.9
FIFA World Cup 2026 win predictions,https://www.espn.com/soccer/story/_/id/49078938/iran-forced-leave-us-new-zealand-draw,'Oppressed' Iran forced to leave U.S. after New Zealand draw - ESPN,Unknown Publisher,en,2026-06-16T19:55:25.361410+00:00,text_paragraph,win_predictions,"INGLEWOOD, Calif. --Irancoach Amir Ghalenoei called his team perhaps the ""most oppressed team in the whole World Cup"" after he said Iran have been forced to leave Los Angeles and return to their training camp in Tijuana, Mexico, immediately after their opening match.
After perhaps the most strained buildup for any team in the long history of theWorld Cup, Iran finally took the pitch Monday at SoFi Stadium, drawing2-2withNew Zealandin their politically charged opener.
But Ghalenoei began his postgame news conference by expressing his unhappiness that the team's travel plans -- a return to Mexico on Tuesday -- had been changed at the last minute.
Iran's base camp was moved to Tijuana from Arizona weeks before the tournament, despite all three of their group games taking place in the United States.
The team was scheduled to fly to the U.S. two days before each game, before departing the following day.
However, Iran traveled to Los Angeles on Sunday and have said their travel plans were altered again following Monday's game.
A source on Tuesday said forward Mehdi Torabi's visa expired and that the team was asked to return to Tijuana after the match.
""We spent so much time in the air commuting, they didn't even give us time to recover,"" Ghalenoei said through an interpreter. ""After the game today, they said to us, 'You have to leave immediately.'
""It's very important for us to have time for recovery, but we've been told to return to our camp in Tijuana, and we are really troubled ...",True,200,1.0
...",True,200,0.8
FIFA World Cup 2026 win predictions,https://www.thehindu.com/sport/football/fifa-world-cup/,"FIFA World Cup 2026: News, Fixtures, Results & Live Scores - The Hindu",Unknown Publisher,en,2026-06-16T19:55:25.491602+00:00,text_paragraph,win_predictions,"Subscribed with another email? Logout and Login with that one.
Account subscription benefits alongside Premium Stories, Editorials,
              Opinions and more. Unlock these with Subscription
The View From IndiaLooking at World Affairs from the Indian perspective.
First Day First ShowNews and reviews from the world of cinema and streaming.
Today's CacheYour download of the top 5 technology stories of the day.
Science For AllThe weekly newsletter from science writers takes the jargon out of science and puts the fun in!
Data PointDecoding the headlines with facts, figures, and numbers
Health MattersRamya Kannan writes to you on getting to good health, and staying there
The Hindu On BooksBooks of the week, reviews, excerpts, new titles and features.
Football: the world at its feetJapan fans clean up stadiumWorld Cup records
Copyright© 2026, THG PUBLISHING PVT LTD. or its affiliated companies. All rights reserved.",True,200,0.8
FIFA World Cup 2026 win predictions,https://www.espn.com/soccer/story/_/id/49084431/neymar-trains-alone-brazil-world-cup-camp-calf-injury,Neymar trains alone at Brazil World Cup camp after calf injury - ESPN,Unknown Publisher,en,2026-06-16T19:55:25.540455+00:00,text_paragraph,win_predictions,"Neymar, who has been out for a month with a right calf injury, trained on the pitch sidelines on Tuesday for the first time since arriving in the United States.
The Brazil Football Confederation (CBF), said Neymar ""took another step in his recovery process"" with the appearance atBrazil's training groun in Morristown, New Jersey.
The formerBarcelonaandParis Saint-Germainforward performed his first running drills and worked out with a member of Carlo Ancelotti's coaching staff, according to footage released by the CBF.
He was called up by Brazil for the tournament despite picking up a calf injury while playing for Santos on May 17, and had not returned to training since.
Five-time world champions Brazil, who drew 1-1 withMoroccoon Saturday, playHaition Friday before meetingScotlandin their final Group C clash on Wednesday, June 24.
Sources said on Monday that Neymar -- still recovering from a Grade II muscle injury -- repeated the medical examination he underwent a week ago. The results had not yet been confirmed by the CBF.
Brazilian media said the team's medical staff were hoping to have him back fully fit for the knockout stages, meaning Neymar would miss both the Haiti and Scotland matches in Group C.
Neymar, 34, has not played for the senior national team since Oct. 17, 2023, when he tore the anterior cruciate ligament and meniscus in his left knee while playing for Brazil in a South American qualifier againstUruguayin Montevideo.
Since then, he has not worn Brazil's jerse...",True,200,0.7
FIFA World Cup 2026 win predictions,https://www.espn.com/soccer/blog/the-toe-poke/65/index,"World Cup awards: Golden Ball, Golden Boot, Golden Glove trophies revealed",Unknown Publisher,en,2026-06-16T19:55:25.564577+00:00,text_paragraph,win_predictions,"While it goes without saying that the iconicFIFA World Cuptrophy is the one that all players competing at this summer's finals are hoping to be victoriously lifting above their heads come the end of the tournament, there will also be several individual awards up for grabs.
Ever since the 1982 tournament in Spain, World Cup players have competed individually for the Golden Ball and the Golden Boot awards, which have been awarded to both the best player and top goal-scorer at any given tournament.
The Golden Glove award for best goalkeeper was then followed in 1994, though it was initially known as the Lev Yashin Award until being renamed in 2010.
-World Cup predictions: Champions, Golden Ball, breakout stars-What you need to know about all 48 teams at the World Cup-World Cup kit ranking: All 105 home, away, third alternate jerseys
On the eve of the 2026 World Cup, Adidas has unveiled the new, updated designs for the three main individual player awards, with the Golden Ball, Golden Boot and the Golden Glove trophies all getting new looks for the 2026 tournament in Canada, Mexico and the United States.
The 2026 Golden Ball award is modeled onthe Adidas Trionda match ballthat will be used throughout the World Cup.Lionel Messiis the reigning World Cup Golden Ball winner, having been bestowed the award at Qatar 2022 after captainingArgentinato their historic triumph in Lusail.
Of course, there is every chance that Messi could defend his title in 2026, but theAlbiceleste's38-year-ol...",True,200,1.0
FIFA World Cup 2026 win predictions,https://www.espn.com/soccer/story/_/id/49079184/tunisia-hire-renard-lamouchi-exit-world-cup,Tunisia hire Herve Renard after shock Sabri Lamouchi sacking at World Cup - ESPN,Unknown Publisher,en,2026-06-16T19:55:25.592306+00:00,text_paragraph,win_predictions,"Tunisiahave brought in Herve Renard to oversee the remainder of their World Cup campaign, it has been announced.
The move comes after Sabri Lamouchi, who coached Tunisia in the runup to the tournament and in their first game againstSweden, wassacked following unrest in the changing room.
Sources have told ESPN that Renard, 57, will arrive inMexico, where the Tunisian team is based, on Tuesday afternoon and will take charge of his first training session on Tuesday evening in Monterrey.
Tunisiaofficially announced Lamouchi's exit latein the day on Monday.
-Fired at the World Cup! Lamouchi joins exclusive club
The appointment marks Renard's third men's World Cup with a third different country after 2018 withMoroccowhere he managed one draw and two losses in a group-stage exit and in 2022 when he managedSaudi Arabiawho famously beatArgentinaandLionel Messiin their first group game but lost the next two and failed to qualify for the knockout round.
Renard also managed the French women's national team at the last Women's World Cup in 2023. They were knocked out in the quarterfinal stage by Australia.
It is the first time in men's World Cup history that a team has dismissed their head coach after just one game in the tournament.
Lamouchi, 54, paid for the humiliating 5-1 defeat against Sweden on Sunday, but also for the tension between him and the federation and some of the players since his arrival.
Wahbi Khazri, the formerLigue 1and Tunisia international midfielder, who was Lamouc...",True,200,0.7
FIFA World Cup 2026 win predictions,https://www.espn.com/soccer/story/_/id/49058214/how-three-year-search-sealed-usmnt-ideal-world-cup-base,How a three-year search sealed USMNT's ideal World Cup base - ESPN,Unknown Publisher,en,2026-06-16T19:55:25.617634+00:00,text_paragraph,win_predictions,"IRVINE, Calif. -- As the U.S. men's national team coach Mauricio Pochettino surveyed the scene at Championship Soccer Stadium in the Great Park Sports Complex, he could only marvel at the setup his team was enjoying.
On this day, over 5,500 people were in attendance at the USMNT's lone open training session during the World Cup, an event mandated by FIFA for every single participating team. But beyond the crowd last week, Pochettino was lauding the facilities the team had at its disposal.
""It's amazing,"" he told reporters. ""We need to say thank you to the organization, our organization, the soccer organization because I think to find that environment and facilities ... it's crazy. It's more that we expect.""
The World Cup is a lot of things for the players that participate. It's the culmination of a lifelong dream and the pinnacle of many a career. Practically speaking, it's also an extended road trip. In the case of the U.S. team, the players and staff could be together for over 60 days if everything goes right. Around half of that time could be spent in Southern California at the base camp.
""You want to feel like you have a good home base, right? You have a place that you [don't] have to worry about all the little details off the field,"" U.S. defenderTim Reamtold reporters. ""Everything's been taken care of for us. We're very, very much spoiled in that way as players, and that allows us to focus on everything that we need to, whether it be in the gym or on the field.""
The tea...",True,200,1.0
FIFA World Cup 2026 win predictions,https://www.espn.com/soccer/story/_/id/49075052/tunisia-manager-joins-exclusive-club-coaches-sacked-world-cup,Tunisia manager joins exclusive club of coaches sacked during World Cup - ESPN,Unknown Publisher,en,2026-06-16T19:55:25.692043+00:00,text_paragraph,win_predictions,"As if the 2026 World Cup hasn't already delivered enough shocks, Day 5 of the tournament brought the first managerial sacking after just a single game played.
Tunisia boss Sabri Lamouchi was dismissed after his side suffered a woeful 5-1 defeat toSwedenin the Group F opener andHerve Renard has stepped in to fill the void.
It means Lamouchi, who was appointed in January, spent just five games in charge of Tunisia (of which he lost three times).
While that may seem eye-opening, a head coach being dismissed during a World Cup is not a totally novel occurrence -- at the 1998 World Cup, it happened three times!
Still, Lamouchi is joining a very exclusive (if unwanted) club.
Spain's preparations for the 2018 World Cup famously hit a buffer less than 48 hours before their opening group game againstPortugalwhen head coach Lopetegui was suddenly dismissed by the Spanish Football Federation (RFEF).
The RFEF was not overly thrilled to find that Lopetegui had also simultaneously been negotiating a deal to becomeReal Madrid's new manager without informing them. It duly terminated his contract with the national team as a direct result, leading to Fernando Hierro taking over at the 11th hour.
Under Hierro, Spain finished top of their group by the finest of margins but came unstuck against hosts Russia in the round of 16, ultimately suffering a premature exit after losing on penalties in Moscow.
Already fairly unpopular before the tournament, things well and truly imploded for France and Ray...",True,200,1.0
FIFA World Cup 2026 win predictions,https://www.espn.com/soccer/story/_/id/49080670/are-world-cup-hydration-breaks-actually-commercial-breaks-momentum-breaks,Are World Cup hydration breaks actually commercial breaks or momentum breaks? - ESPN,Unknown Publisher,en,2026-06-16T19:55:25.715935+00:00,text_paragraph,win_predictions,"For thisWorld Cup, FIFA has introduced mandatory hydration breaks -- around the 22nd minute mark of the first half and 67th minute of the second -- to counter the weather conditions across Mexico, Canada and the United States this summer.
But while the breaks are essential for player welfare when it's hot, they are happening regardless of the temperature, leading to plenty of criticism about the impact on the game. Furthermore, the breaks have essentially split the game into four quarters similar to the NBA or NFL -- which is handy given that the majority of sports fans from the home nations consume their sports in that manner -- while it also allows FIFA to cash in on some lucrative advertising revenue for three minutes midway through each half.
Like them or loathe them, our reporters looked at a number of different ways in which hydration breaks are making an impact on this World Cup.
Jump to:A commercial cash injection?|A momentum killer?
The World Cup hydration breaks were first announced by FIFA last December, with the severe heat experienced by teams and players in the U.S. during last summer's FIFA Club World Cup prompting the game's governing body to introduce a formal structure for drinks breaks.
FIFA wanted a ""streamlined and simplified"" version of the more ad-hoc hydration breaks at previous tournaments and, despite this World Cup being played in some stadiums with air conditioning and roofs, a decision was made to introduce three-minute stoppages each half in ever...",True,200,1.0
FIFA World Cup 2026 win predictions,https://www.espn.com/soccer/story/_/id/49053328/was-fifa-world-cup-win-paraguay-best-usmnt-history,Was the World Cup win over Paraguay the best in USMNT history? - ESPN,Unknown Publisher,en,2026-06-16T19:55:25.741329+00:00,text_paragraph,win_predictions,"TheU.S. men's national teamcouldn't have asked for a better start to its 2026FIFA World Cupcampaign. Its4-1defeat ofParaguayon Friday has it on top of a highly competitive Group D with a plus-3 goal differential.
That cold reality does little to illustrate just how perfect the first 90 minutes of this tournament were for Mauricio Pochettino's men. The Americans' four goals are the most they've scored in a World Cup game. They nearly doubled up their guests in terms of possession (65% to 35%), pass attempts (598 to 319), chances created (12 to 7) and shots (16 to 9).
Throughout the press box, across the concourse and in watch parties across the country, the performance raised one question: Was this as good as the U.S. has ever looked?
To answer that question, ESPN turned to USMNT analysts Jeff Carlisle, Sam Borden and Cesar Hernandez.
Borden:I think it's really important to fully contextualize what the U.S. did Friday night. Yes, Paraguay looked completely shook, especially in that first half and particularly after the own goal, but this was one of the best defenses throughout South American qualifying and a team that beatArgentinaandBrazilduring that cycle.
For the hosts to make Paraguay look as hapless as it did is an incredible accomplishment and a real testament not just to Pochettino's tactics but, even more, to the players' execution.Christian Pulisichas never looked better.Malik Tillmanwas a revelation.Folarin Balogunwas everything the U.S. has wanted in a striker.
I th...",True,200,1.0
FIFA World Cup 2026 win predictions,https://www.espn.com/soccer/story/_/id/49077353/world-cup-daily-live-lionel-messi-kylian-mbappe-erling-haaland-argentina-france-norway,"World Cup Daily Live: Giant inflatable match ball breaks loose; Messi, Mbappé, Haaland set for action - ESPN",Unknown Publisher,en,2026-06-16T19:55:25.836023+00:00,text_paragraph,win_predictions,"The 2026World Cuphas already seen stars likeLamine Yamal,Vinícius JúniorandVirgil van Dijk. Day 6, though, is time for more headliners to enter the fray.
Kicking off the action isFranceandSenegalin New Jersey, whereKylian Mbappéis set to appear at the World Cup for the first time since netting a hat trick in the 2022 final. After that,Erling Haalandwill make his World Cup debut againstIraqin Boston.
Then, it's time forArgentinato get their title defense underway againstAlgeriain Kansas City, led by a certainLionel Messi, before World Cup debutantsJordanhave their historic match againstAustria.
Group-stage World Cup days rarely get better than this.
Enjoy all the features, news, video analysis and color from around the competition.",True,200,0.8
FIFA World Cup 2026 win predictions,https://www.espn.com/soccer/story/_/id/49043152/fifa-world-cup-2026-cabo-verde-americans-homecoming,The joy and wonder of Cabo Verde's unlikely World Cup journey - ESPN,Unknown Publisher,en,2026-06-16T19:55:25.889592+00:00,text_paragraph,win_predictions,"The first hint of World Cup wonder concerning one tiny nation arose in the mid-afternoon of June 2 at Logan Airport in Boston in a vast room freighted with human meaning: international arrivals. That's where a hundred-strong throng carried flags and held up scarves and sang songs, and somebody brought along a whistle. Any everyday people standing nearby, holding flowers and balloons for incoming travelers, might have wondered:What is this Cabo Verde, and why is it so euphoric?
Cabo Verde, the third-smallest tournament qualifier ever by population, and the second smallest by land area, had touched down to begin a debut World Cup campaign. The dreamy truth really was the dreamy truth for a country with a past both heartbreaking and uplifting. The players would file out from customs for a cascade of love from a portion of the largest Cabo Verdean diaspora in the United States -- around 70,000 in Massachusetts, 21,000 in Rhode Island -- some of whom had driven irksome distances through the Boston gauntlet.
But, then: An airport official materialized. The players would not emerge but would board a bus directly from inside Logan.
The revelers frowned briefly, one by one, as word spread.
Those lyrics, from a recent-years anthem by Soraia Ramos (translated here from Cabo Verdean Creole), pertain directly to Cabo Verdeans, whose legacy of alighting in places around the world has annexed a stirring example with this World Cup.
""Just the fact that our name's going around the world, that...",True,200,1.0
1.0
FIFA World Cup 2026 win predictions,https://www.espn.com/soccer/story/_/id/48939282/2026-fifa-world-cup-fixtures-results-match-schedule-group-stage-knockout-rounds-bracket,"2026 FIFA World Cup match schedule: Fixtures, results, features - ESPN",Unknown Publisher,en,2026-06-16T19:55:25.982829+00:00,text_paragraph,win_predictions,"Check out all the fixtures, features and results for the2026 FIFA World Cupin the United States, Mexico and Canada.
- 2026 World Cup:Group stage standings|Bracket-World Cup Power Rankings: Which nation is No. 1?-Picking every single game|ESPN FC's predictions-Top 50 players ranked|Every single team kit ranked-How will VAR work at World Cup?|New rules explained
- World Cup Daily, June 11:Yamal at Walmart, Mahrez visits KU- Recap:Mexico kick off World Cup with win over South Africa- Borden:Why this will be a World Cup like no other- Marcotti:Six World Cup complaints, and six reasons why it might be OK- O'Hanlon:13 stats that prove the USMNT will win the 2026 World Cup-Golden Ball, Golden Boot, Golden Glove trophies revealed-Opposition scouting: How the USMNT can counter Paraguay's threat-Snubbed by the U.S., Canada's Jesse Marsch is on a mission
- World Cup Daily, June 12:USMNT pregame; Canada tie; Haaland at Stanley Cup-WATCH: Flavors of the game with Bobby Flay: World Cup favorites- Hernandez:How NFL stadiums have transformed for World Cup- Meet the USMNT:The 26 players striving to win on home soil- Olley:Inside England's prep: Tuchel's squad survive storms, heat in Florida- Vickery:It's win or bust for Brazil, 24 years after last World Cup title- USMNT player ratings:Balogun, Pulisic put in team-best showings- Carlisle:Four goals and an electric display was nearly perfect- Borden:Balogun makes this USMNT better, including its star, Pulisic
- World Cup Daily, June 13:Brazil f...",True,200,1.0
FIFA World Cup 2026 win predictions,https://www.espn.com/soccer/story/_/id/48939622/from-gridiron-pitch-how-nfl-stadiums-transformed-2026-fifa-world-cup,From gridiron to pitch: How NFL stadiums have transformed for the World Cup - ESPN,Unknown Publisher,en,2026-06-16T19:55:26.020291+00:00,text_paragraph,win_predictions,"When it comes to hostingFIFA World Cupmatches, playing surfaces are something thatNFLstadiums don't want to fumble their moment in the spotlight.
Ahead of this summer's tournament taking place in the United States, Canada and Mexico, a total of 11 NFL venues have worked behind the scenes to transform their gridirons into World Cup-suitable pitches. Soon to be used by the likes of global superstars such asLionel Messi,Kylian MbappéandCristiano Ronaldo, these fields will look nothing like the usual layouts seen by American football audiences.
To begin with, there's the difference in size. While a full field in the NFL is 120 yards long and 53.3 yards wide, FIFA, the governing body that runs the World Cup, requires soccer pitches that are 105 meters (114.8 yards) long and 68 meters (74.4 yards) wide.
Bylaws also note that World Cup matches must be played on natural grass, presenting another alteration that NFL stadiums had to make ahead of the summer. Like many top-tier European soccer clubs, synthetic fibers have been sewn into the grass to give the fields extra durability and strength.
When you consider all the additional preparations that go into hosting the most prominent sporting event on the globe -- including temporary changes to the names of the NFL venues -- it's clear an immense amount of energy and labor has gone into the buildup of the tournament that kicks off on June 11. Stadium by stadium, here's a rundown of what they've done to get their fields ready for the Wor...",True,200,1.0
FIFA World Cup 2026 win predictions,https://www.espn.com/soccer/story/_/id/48953200/usmnt-usa-world-cup-scenarios-bracket-permutations-qualify-betting-odds-projections-predictions,"USMNT World Cup bracket scenarios, odds to advance, predicted path to knockouts - ESPN",Unknown Publisher,en,2026-06-16T19:55:26.076445+00:00,text_paragraph,win_predictions,"The 2026 World Cup is now officially underway forU.S. men's national teamafter a big4-1 winagainstParaguayto open the tournament on Friday.
Even with a win under their belt, the U.S. still has two more games they need to get results in to advance from Group D. If they do, the round of 32 awaits where the possible match-ups could range from lopsided to too close for comfort. From there, it only gets tougher: in the modern World Cup, the USMNT has only made it past the round of 16 once, and that was 24 years ago.
That's why ESPN will be bringing you regularly updated permutations, odds and projections that will follow the likely U.S. path through the World Cup -- including what the Americans need to do to advance, and which teams they could end up facing. Stick around and bookmark this page for the latest.
The expansion of the tournament from 32 to 48 total teams -- and the resulting creation of the round of 32 -- could make advancing from the group stage a bit easier for the U.S. than in previous years. But at the same time, the USMNT's potential path through the World Cup has become much more challenging to project.
The key complication: Not only are all 12 group winners and 12 second-place teams advancing to the knockout rounds, but also the eight best third-place teams. There are 495 different combinations of how third-placed teams could be seeded in the bracket, so chaos will be the story of the final group games as teams battle to keep their World Cup dreams alive.
The th...",True,200,1.0
FIFA World Cup 2026 win predictions,https://www.espn.com/soccer/story/_/id/48703925/world-cup-group-stage-explained-tiebreakers-third-place-teams,"World Cup group stage explained: Tiebreakers, third-place teams, more - ESPN",Unknown Publisher,en,2026-06-16T19:55:26.103585+00:00,text_paragraph,win_predictions,"The expansion of theFIFA World Cupfrom 32 to 48 teams didn't just add a ton of matches to the schedule; it also resulted in a revamp of the tournament's format. The group stage -- the first phase of the competition -- is more complicated than ever, and the changes made will have a big impact on the entire competition.
Here's everything you need to know about what teams need to do to reach the knockout rounds in 2026.
From 1998 to 2022, the World Cup group stage was fairly simple. The 32 teams were divided into groups of four, and the top two teams in each group (16 total) advanced to the knockout rounds. The group winners had the benefit of playing a runner-up in the round of 16.
-2026 World Cup: Format, groups, full match schedule, more-2026 World Cup injuries tracker: Which stars could miss out?- World Cup Depth Charts:Projecting rosters, starters for top contenders
Instead of 16 teams advancing to the first knockout round, 32 will make it out of the group stage in 2026. In other words, a whole additional knockout round has been created. And since there are 12 groups, not only will all 12 group winners and 12 second-place teams advance, but also the eight best third-place teams.
It's likely that several teams will end up tied on points at the end of the group stage -- which brings us to tiebreakers.
If two or more teams finish equal on group stage points, the following tiebreakers are applied in order.
Predict the final standings in every Group. $10,000 in prizes.Make Your ...",True,200,1.0
FIFA World Cup 2026 win predictions,https://www.espn.com/soccer/story/_/id/49076822/stats-usmnt-win-vs-paraguay-signal-deep-world-cup-run-possible,Stats behind USMNT win vs. Paraguay signal deep World Cup run possible - ESPN,Unknown Publisher,en,2026-06-16T19:55:26.129017+00:00,text_paragraph,win_predictions,"Here is a list of things: live television, color television, microwaves, radar, commercial air travel, ballpoint pens, the notion of a ""tech company,"" red cards, yellow cars, credit cards. ... We could go on.
What do the random items on this list have in common? None of them existed the last time theU.S. men's national teamlookedthatgood at the World Cup.
Back then, Bert Patenaude was playing for the Fall River Marksmen, a team that was not actually located in Fall River because Massachusetts still had ""blue laws,"" which prevented soccer games from being played on Sundays. Instead, they played across the border in North Tiverton, Rhode Island. In 1930, Patenaude scored a hat trick in the USMNT's last three-goal win at a World Cup, in Montevideo, Uruguay.
Funny enough, it was against the same team it just happened to again on Friday, when the U.S. beatParaguay, led by a pair of goals fromFolarin Balogun.
Soccer beginner, former pro, AYSO mom, annoying person who was born in Ohio but insists on calling it ""footy"" -- everyone could see it: the U.S.looked incrediblein its4-1 winagainst Paraguay to open the 2026 World Cup. But just in case you need a little context, that's roughly the equivalent of a 20-point win in the NBA or a 23-point win in the NFL.
Though it feels like a high-water marker in the century-long, always-fledgling history of the U.S. men's national team, how does it compare to other dominant wins in modern World Cup history? And more importantly, how much does one...",True,200,1.0
FIFA World Cup 2026 win predictions,https://www.espn.com/soccer/story/_/id/47108758/2026-fifa-world-cup-format-tiebreakers-fixtures-schedule,"2026 FIFA World Cup: Format, groups, full match schedule, more - ESPN",Unknown Publisher,en,2026-06-16T19:55:26.189892+00:00,text_paragraph,win_predictions,"The2026 FIFA World Cupin the United States, Canada and Mexico is fast approaching. Here's what to know about the tournament's format, groups and more.
-2026 FIFA World Cup match schedule: Fixtures, results, features
TheWorld Cup draw on Dec. 5separated 48 teams (and placeholders) into 12 groups of four teams each. Each team will play three games in the group stage, one against every team in its group.
The top two teams in each group advance to the knockout stage, as in previous years. But the expansion of the tournament from 32 teams will create an additional round of knockout matches. Instead of 16 teams advancing to the first knockout round, as has been the case since 1998, there will be 32 making it out of the group stage.
That means not only will all 12 group winners and 12 second-place teams advance, but also the eight best third-place teams. The specific matchups for the round of 32 will depend on which groups the eight third-place teams emerge from.
The knockout stage consists of a series of winner-take-all matches, all the way through to the final. If a match is tied after full time, 30 minutes of added extra time are played as two 15-minute halves, with a penalty shootout as the ultimate decider.
Click the arrows at the top to scroll through all of the World Cup groups.
If two or more teams finish equal on group stage points, the following tiebreakers are applied in order.
1. Most points obtained in the group matches played between the teams concerned2. Superior goal...",True,200,1.0
FIFA World Cup 2026 win predictions,https://www.espn.com/soccer/story/_/id/49074487/cape-verde-gk-vozinha-stopped-world-cup-favourites-spain-gained-8m-followers,Cape Verde GK Vozinha stopped World Cup favorites Spain ... then gained 8M followers - ESPN,Unknown Publisher,en,2026-06-16T19:55:26.220116+00:00,text_paragraph,win_predictions,"It's never too late in life to have a breakout. Just askCape Verde'sVozinha.
Vozinha woke up on Monday as an unheralded 40-year-old goalkeeper enjoying the back end of a 19-year career that has seen him play at least 200 games (stats providers have not tracked all of his matches across clubs in Portugal, Cape Verde, Moldova, Angola, Cyprus and Slovakia). He has won a single trophy in his career (2018-19 Cypriot Cup with AEL Limassol) and has proudly represented his native Cape Verde since 2012.
This World Cup -- Cape Verde's first ever -- is by some margin the highlight of his career. ""I think it is the most important moment of our lives,"" Vozinha told ESPN Brasil before the tournament. And Monday, facingSpainin their tournament opener, was the biggest day of his career.
Twenty-seven shots faced, seven saves and 90 minutes later, Vozinha's life changed forever. He was named man of the match, and he cried when he heard the final whistle. He also went from 56,000 Instagram followers to 5 million and has become one of the early hero stories of the World Cup.
""He was overwhelmed with emotion,"" Cape Verde manager Bubista said. ""He is quite an experienced player and has struggled throughout all of these years to be here at this world stage. It was also a cry of resilience.""
Born in Mindelo, Cape Verde, a town of 70,000 people, Vozinha was born to be a striker. ""My father wanted to name me Valdano, after the Argentine striker Jorge Valdano, fromReal Madrid. But the authorities didn'...",True,200,1.0
FIFA World Cup 2026 win predictions,https://www.espn.com/soccer/story/_/id/49076525/lukaku-seizes-spotlight-salah-de-bruyne-belgium-draw-egypt-2026-world-cup,"Lukaku seizes spotlight from Salah, De Bruyne in Belgium's draw with Egypt - ESPN",Unknown Publisher,en,2026-06-16T19:55:26.245018+00:00,text_paragraph,win_predictions,"SEATTLE -- In a game that was billed asMohamed Salahvs.Kevin De Bruyne, it was another legendary name whose influence was arguably most profound.
Heavily favoredBelgiumwere struggling for inspiration againstEgyptbeforeRomelu Lukakuconjured up a crucial equalizer without even touching the ball. Just 23 seconds after his introduction in the second half at Seattle Stadium (Lumen Field), the veteran striker forced his way between two defenders and employed some smart movement to promptMohamed Hanyto divert the ball into his own net.
Described by head coach Rudi Garcia as being ""out of shape"" on the eve of the tournament, Lukaku's introduction proved decisive as Belgium held Egypt to a1-1draw in their Group G opener. It was a fitting contribution on an afternoon when a number of great players began to write what might yet prove to be their final World Cup stories.
First, of course, it was Salah's turn to grab the spotlight. It has been an arduous season for the talismanic forward, who brought down the curtain on a glittering nine-yearLiverpoolcareer last month.
On Monday, his 34th birthday, Salah led his country out with the weight of his nation on his shoulders. Despite their imperious continental pedigree, Egypt have never won a game at the World Cup, let alone make it to the knockout stages.
Salah -- so accustomed to shouldering the hopes and dreams of so many, both for club and country -- helped set his side on the path to breaking that gloomy record when he teed upEmam Ashour...",True,200,0.9
FIFA World Cup 2026 win predictions,https://www.espn.com/soccer/story/_/id/49074414/spain-world-cup-shock-draw-cape-verde-lamine-yamal,"Spain tend to start slowly at World Cups, but nobody expected Cape Verde draw - ESPN",Unknown Publisher,en,2026-06-16T19:55:26.266832+00:00,text_paragraph,win_predictions,"ATLANTA -- AsSpainsearched for their spark in their 2026 World Cup debut, the crowd waited for the team's star,Lamine Yamal.
The European champions had their moments in this 0-0 draw -- 27 shots, seven on target, 2.29 expected goals, with chances forFerran TorresandMarc Cucurellavery influential on the left. But overall, Spain struggled against a brave, well-organized opponent inCape Verde, inspired by goalkeeper Vozinha (seven saves), who turned 40 just two weeks before the World Cup.
Ultimately,La Rojawere missing Yamal. He has been everywhere in Atlanta, his image filling billboards on the sides of skyscrapers, but for 70 minutes here, he wasn't on the pitch, and you could tangibly feel his absence. Coach Luis de la Fuente had confirmed a day earlier that Yamal was fit but not yet ready to start. And the consequences were here for the world to see.
-World Cup 2026: Fixtures, results, all coverage-VAR Review: All the incidents at the World Cup-World Cup standings|Knockout round bracket
Spain's visceral play in their most recent major tournament, Euro 2024, was built on the talent of flying wingers Yamal andNico Williams. But this season, Williams has lost his form, while Yamal has been racing to recover from an injury sustained withBarcelonain April.
One of the doubts about Spain's World Cup prospects -- where they've been placed firmly among the tournament favorites for months -- has been: How do they look without Yamal and an in-form Williams? And with neither player in t...",True,200,0.9
FIFA World Cup 2026 win predictions,https://www.espn.com/soccer/story/_/id/49021099/world-cup-2026-six-reasons-concern-six-counterarguments-gabriele-marcotti,"Six World Cup complaints, and six reasons why it might be OK - ESPN",Unknown Publisher,en,2026-06-16T19:55:26.301917+00:00,text_paragraph,win_predictions,"The 2026 edition of the FIFA World Cup kicks off on Thursday, and there are plenty of common complaints around the tournament that have been circulating for months in the lead-up to the opening game. Travel concerns, climate issues and a bloated schedule have all been floated as things dampening global enthusiasm for soccer's biggest tournament.
However, each of the bigger arguments has a clear counter as to why this might end up being a successful summer -- on the pitch, at least -- by the time a winner is crowned on July 19...
This means the quality will be diluted, the format will be clunky (there are 72 games -- more than the entire Qatar World Cup! -- just to go from 48 nations to 32), there's no real jeopardy in the group stage (win just one game and you're probably going through to the knockout rounds) and we're going to be force-fed four games a day for the first two-and-a-half weeks of the tournament.
What fun is it watching teams you don't care about, with players you've never heard of and will likely never see again? Where's the drama in knowing that you can lose two games out of three and still have a chance to qualify? And while we all love the game, surely nobody can stomach four games a day -- eight hours of football -- for nearly three weeks?
-World Cup Predictions: Our picks for winner, Golden Ball, more-Ian Darke's World Cup preview: Teams to watch, favorites and ... Brazil to win?-All fixtures, results and features from 2026 World Cup
Counterargument:Admitt...",True,200,1.0
FIFA World Cup 2026 win predictions,https://www.espn.com/soccer/story/_/id/46751020/cristiano-ronaldo-goal-tracker-road-1000-career-goals,"Cristiano Ronaldo goal tracker: Road to 1,000 career goals - ESPN",Unknown Publisher,en,2026-06-16T19:55:26.335382+00:00,text_paragraph,win_predictions,"Cristiano Ronaldois chasing what no soccer player -- despite Pelé and Romário claiming otherwise when adding in friendly matches -- has ever officially achieved in competitive games: The ultimate milestone of 1,000 career goals. It's the summit of statistical greatness, a record that would redefine the limits of individual excellence in the sport.
Throughout his career, thePortugalsuperstar has broken most of the records and won most of the trophies he could have won, but being able to officially score 1,000 goals will put him in a pantheon of his own among athletes.
Ronaldo is already the leading men's international scorer with 143 goals from 225 games, while the rest of his domestic career total over his two-decade career have come in the club game forSporting CP,Manchester United,Real Madrid,Juventusand now at Saudi Arabian sideAl Nassr.
So, as he nears an extraordinary landmark, ESPN will track every goal on his journey toward 1,000 -- one strike at a time -- until he reaches the magic number.
And they've finally done it! Al Nassr have finally won the Saudi Pro League with a 4-1 win over Damac FC, with Ronaldo scoring twice. The first off a free kick from a tight angle and the second from close range which was Al Nassr's fourth and final goal of the night. It's been a long time coming, but after three years, Ronaldo finally wins his first league title in Saudi Arabia.
""THE MOST FAMOUS NO. 7 OF THEM ALL!"" 🗣️Cristiano Ronaldo free kick goal for Al Nassr! 🐐pic.twitter.com/Q5...",True,200,0.9
FIFA World Cup 2026 win predictions,https://www.espn.com/soccer/story/_/id/48751851/how-does-offside-work-soccer-2026-fifa-world-cup,How does offside work in soccer? Explaining one of the sport's key laws - ESPN,Unknown Publisher,en,2026-06-16T19:55:26.375396+00:00,text_paragraph,win_predictions,"It might be the most intimidating rule to learn as a new fan of the game. Even for the diehards, it inspires heated debates on a near-weekly basis. That's right: it's the offside rule.
With the 2026 FIFA World Cup taking place this summer, there's no better time for a refresher on how it all works.
Here's what you need to know about offside, why it exists and how it will be implemented at the World Cup.
-2026 FIFA World Cup: Format, groups, full match schedule, more-2026 World Cup injuries tracker: Which stars could miss out, latest info-World Cup kit ranking: Which teams will look best in 2026?
Let's start with the basics. A player is in an offside position when they are in the opponents' half of the pitch and closer to the opponents' goal than both the ball and the second-to-last defender. (Why second-to-last? To exclude the goalkeeper, who in the vast majority of cases is the last defender.)
It's not wrong to be standing in an offside position in general. But when a player receives a pass from a teammate and is in an offside position the moment the ball is played, they are flagged by the assistant referee for an offside offense, and the opposing team gets an indirect free kick.
It's important to emphasize the point about timing. The player must be onside at the moment the ball is played, but immediately after that, they are allowed to run into an offside position to gain possession of the ball.
If players could stand wherever they wanted, you'd see many players hovering ar...",True,200,1.0
FIFA World Cup 2026 win predictions,https://www.espn.com/soccer/story/_/id/47978642/lionel-messi-2026-tracker-inter-miami-argentina-games-goals-assists-stats,"Messi tracker: Goals, assists, key moments in 2026 - ESPN",Unknown Publisher,en,2026-06-16T19:55:26.410723+00:00,text_paragraph,win_predictions,"Lionel Messiwill aim for more success in 2026. HisInter Miamiside captured its first MLS Cup title last season and will look to defend it -- and add further silverware too -- in itsfirst season at Nu Stadium, the club's new home.
More importantly though, Messi will captainArgentinain North America as they attempt to defend theirFIFA World Cupcrown, with him targeting a second title and a fourth for his country in what could be his final tournament.
As the 38-year-old continues to feature for both club and country, ESPN will track his performances game-by-game, providing stats and analysis each time he pulls on a Herons orAlbicelestejersey.
Messi, working his way back from muscle fatigue ahead of the start of the World Cup, came on in the 70th minute of a pre-tournament friendly in Auburn, Alabama and scored from the penalty spot right afterward.
It was Messi's 911th career goal for club and country and 117th goal for Argentina and made him the oldest scorer in the country's soccer history.
Messi registered two assists in a scintillating performance against Philadelphia on Sunday but, unfortunately, no one was focused on results come the end of the game.
That's because, in the very last game before the World Cup, Messi left the field in the 73rd minute and headed straight to the locker room after grabbing his left thigh.
Now,supporters around the world are holding their collective breathwhile they wait and see if the injury has scuppered the 38-year-old's chance of appearing a...",True,200,1.0
FIFA World Cup 2026 win predictions,https://www.espn.com/soccer/story/_/id/49020473/2026-fifa-world-cup-more-never-tournament-infantino-trump,The World Cup of more: There's never been a tournament like this one - ESPN,Unknown Publisher,en,2026-06-16T19:55:26.459293+00:00,text_paragraph,win_predictions,"Mae West, the American actor and provocateur, had a line that went something like this: ""If a little is great, and a lot is better, then way too much is just about right!""
Welcome to the2026 World Cup: the embodiment of unprecedented excess.
In many ways, this summer's competition isn't full of new things. Yes, sure, there are elements that are wholly original: It's the first time we've had three countries hosting, for starters, and it's the first World Cup with 48 teams. But as we've inched closer to the tournament beginning, the storylines that have swirled around this event have to do with magnitude -- everything connected to this tournament is just ...more.
""It's hard to find a precedent for this one,"" said Tim Sisk, whose job as ahistorian, author and professorat the University of Denver makes him among the best at finding precedents when it comes to global sports. Sisk shook his head. ""This one's got an extra sort of layer of complexity, let's say.""
That phrasing might be kind. The narrative running up to this World Cup is quintessentially American: The U.S. has sucked up nearly all the oxygen (bonus points if you remembered that Canada and Mexico are also welcoming the world) while simultaneously taking something and making it bigger and louder than one could imagine. What does the movie trailer voiceover guy always say? You'veNEVERseen it quite like this?
Ticket prices? Nearly every previous World Cup had questions about the availability or costs. But was the gouging ...",True,200,1.0
FIFA World Cup 2026 win predictions,https://technosports.co.in/watch-fifa-world-cup-2026-on-jiotv-jio-deal-zee/,Watch FIFA World Cup 2026 on JioTV+: Jio Seals Last-Minute Deal With Zee,Unknown Publisher,en,2026-06-16T19:55:26.589851+00:00,text_paragraph,win_predictions,"Watch FIFA World Cup 2026 on JioTV+: Just days before the biggest football tournament on the planet kicked off, millions of Indian fans were staring at a broadcasting blackout. Then,…
Watch FIFA World Cup 2026 on JioTV+: Just days before the biggest football tournament on the planet kicked off, millions of Indian fans were staring at a broadcasting blackout. Then, in the nick of time, Jio came through. A late but crucial deal between Jio and Zee has ensured that JioFiber and AirFiber subscribers can now watch every FIFA World Cup 2026 match — and the best part? No new subscription needed.
The new multi-platform deal between Zee and FIFA came only a few days before the kickoff of the 2026 FIFA World Cup — after months of uncertainty regarding FIFA’s Indian broadcast and streaming rights, with most other countries having clinched their media deals months, if not years, in advance.
JioStar, the giant of Indian sports broadcasting, remained silent throughout April and May 2026 on whether it would participate — only to back out at the eleventh hour, not willing to match FIFA’s offer. Sony and Doordarshan had already withdrawn. It was Zee that stepped up and saved the tournament for Indian viewers.
Jio has secured a late deal with Zee to make FIFA World Cup 2026 matches available on JioFiber and AirFiber set-top boxes through the JioTV+ app via Uniite8 Sports 1 and Uniite8 Sports 2 channels.
JioFiber and JioAirFiber users throughout India can stream the 2026 FIFA World Cup without ...",True,200,1.0
FIFA World Cup 2026 win predictions,https://technosports.co.in/fifa-world-cup-2026-schedule-timings-watch-live/,"FIFA World Cup 2026 Schedule, Indian Timings & Where to Watch LIVE",Unknown Publisher,en,2026-06-16T19:55:26.624453+00:00,text_paragraph,win_predictions,"The 2026 FIFA World Cup is shaping up to be one of the most exciting editions in the tournament's history. Scheduled to run from June 11 to July 19, this…
The 2026 FIFA World Cup is shaping up to be one of the most exciting editions in the tournament’s history. Scheduled to run from June 11 to July 19, this will be the 23rd edition of the world’s most celebrated football competition. What makes it truly special is that it will be jointly hosted by three nations — the United States, Canada, and Mexico — marking the first time in World Cup history that three countries have come together to host the event. Across these three nations, 16 cities will serve as venues, with eleven in the United States, three in Mexico, and two in Canada.
Perhaps the biggest change coming with this edition is the expanded format. For the first time ever, 48 nations will compete on the grandest stage of football, up from the previous 32-team format — meaning more countries, more stories, and more drama than ever before. This expansion opens the door for several nations to make their World Cup debut, adding a fresh and emotional dimension to an already thrilling competition.
With a record number of teams, a historic tri-nation hosting arrangement, and matches spread across an entire continent, the 2026 FIFA World Cup promises to be a landmark event in sporting history. Whether you’re following the fixtures closely or just tuning in for the big games, there’s never been a better time to be a football fa...",True,200,1.0
FIFA World Cup 2026 win predictions,https://technosports.co.in/saudi-arabia-vs-uruguay-match-preview/,"Saudi Arabia vs Uruguay Match Preview, Prediction, Lineups, Teams, Timings and How to Watch in India",Unknown Publisher,en,2026-06-16T19:55:26.836354+00:00,text_paragraph,win_predictions,"World Cup 2026 kicks off with fireworks, and Group H's opener between Saudi Arabia and Uruguay is one not to sleep on — literally, if you're watching from India. Bielsa's…
World Cup 2026 kicks off with fireworks, and Group H’s opener between Saudi Arabia and Uruguay is one not to sleep on — literally, if you’re watching from India. Bielsa’s disciplined Uruguay side walks in as heavy favourites, but remember Qatar 2022? The Saudis love an upset script.
Uruguay arrive battle-tested under Marcelo Bielsa’s high-tempo system, with Federico Valverde in fine form after a productive season for Real Madrid. Saudi Arabia, meanwhile, head into the tournament under new boss Georgios Donis after a rocky pre-tournament run, including a heavy defeat to Egypt. Still, veteran Salem Al-Dawsari, the match-winner against Argentina in 2022, remains the team’s creative spark.Goal.comGoal.com
Most analysts lean toward a controlled Uruguay win with goals at a premium — think Uruguay 1-0 or 2-0, with under 2.5 goals appealing given Saudi Arabia’s likely defensive setup.
Uruguay’s spine — Valverde in midfield and Darwin Núñez leading the attack — gives them a clear edge in quality. Saudi Arabia will likely sit deep, relying on Al-Dawsari and young midfielder Musab Al-Juwayr to spring counters. No confirmed XI yet from either camp, so check back closer to kickoff for the latest squad news.
Broadcasting varies by region. Here’s a quick guide:
The match is scheduled for around 3:30 AM IST on 16 June 2026...",True,200,1.0
FIFA World Cup 2026 win predictions,https://technosports.co.in/germany-spain-portugal-7-world-cup-goals/,"Germany, Spain, Portugal: List of the Only Five Teams to Score 7+ World Cup Goals This Century",Unknown Publisher,en,2026-06-16T19:55:26.908588+00:00,text_paragraph,win_predictions,"7+ World Cup Goals. In a single World Cup match. It is a feat so rare, so ruthless, so complete that it has happened only five times in 26 years…
7+ World Cup Goals. In a single World Cup match. It is a feat so rare, so ruthless, so complete that it has happened only five times in 26 years of 21st-century football. And Germany just did it again.
Germany thrashed World Cup debutants Curaçao 7-1 in Houston on June 14, with goals from Felix Nmecha, Nico Schlotterbeck, Kai Havertz (two), Jamal Musiala, Nathaniel Brown, and Deniz Undav. It was a masterclass in organised aggression — and it was historic in more ways than one.
With that seven-goal showing, Germany became the all-time top scorers in FIFA World Cup history, surpassing Brazil’s tally of 238 goals and taking their own total to 239. They have now scored 7+ goals in a World Cup match more times than any other nation.
It is only the fifth time this century that a team has scored seven or more goals in a World Cup game — and remarkably, Germany are responsible for three of those five occasions.
Germany opened their 2002 World Cup campaign with an eight-goal humiliation of Saudi Arabia, inspired by a hat-trick from Miroslav Klose — his first three World Cup goals, the beginning of a journey that would culminate in a record-breaking 16 career goals at the tournament.
Portugal’s 7-0 win over North Korea at the 2010 World Cup was the only fixture in the group stage in which Cristiano Ronaldo and his teammates found the back of ...",True,200,1.0
FIFA World Cup 2026 win predictions,https://technosports.co.in/watch-fifa-world-cup-2026-live-on-zee5/,Watch FIFA World Cup 2026 Live on ZEE5 in 4K — Every Plan and Price Explained,Unknown Publisher,en,2026-06-16T19:55:26.948566+00:00,text_paragraph,win_predictions,"The biggest football tournament on the planet, the FIFA World Cup, is just weeks away. Here's the cheapest legal way to watch every single match live in India — and…
The biggest football tournament on the planet, the FIFA World Cup,is just weeks away. Here’s the cheapest legal way to watch every single match live in India — and the pricing is more accessible than you’d expect.
The FIFA World Cup 2026 is happening across the United States, Canada, and Mexico — and in India,ZEE5has secured exclusive streaming rights. Every match, live, in4K with Dolby Atmos audio, on a platform you may already be subscribed to. If you’re not, the entry price to the World Cup is surprisingly reasonable. Here’s the complete pricing breakdown across every available plan.
1-month and 3-month plans also available. Hindi Z5 plan also visible at ₹2,388 annual (partially visible in screenshot). All prices are annual plan rates.
For football fans, there is really only one plan worth considering — and ZEE5 has priced it aggressively.
TheFIFA World Cup 2026 + All Accessannual plan at₹1,699gives you:
At₹142 per monthon the annual plan, that is less than the price of a single matchday snack for a year of content plus the entire World Cup. If you pay with aVISA Debit Card, an additional30% discountapplies — bringing the effective annual cost down to approximately₹1,189, or around₹99 per month.
If football isn’t your primary interest but you’re evaluating ZEE5 for general entertainment, theAll Languages + Kid...",True,200,1.0
FIFA World Cup 2026 win predictions,https://technosports.co.in/iran-vs-new-zealand-match-preview/,"Iran vs New Zealand Match Preview, Prediction, Lineups, Teams, Timings and How to Watch in India",Unknown Publisher,en,2026-06-16T19:55:27.019170+00:00,text_paragraph,win_predictions,"Two very different World Cup journeys collide at SoFi Stadium. Iran, chasing their first-ever knockout berth, face a New Zealand side making just their third appearance — and both know…
Two very different World Cup journeys collide at SoFi Stadium. Iran, chasing their first-ever knockout berth, face a New Zealand side making just their third appearance — and both know a slip-up here could be costly with Belgium looming.
Iran coach Amir Ghalenoei will look to show his experienced, battle-hardened squad can dominate, led by a sharp frontline featuring Mehdi Taremi. On the other side, Darren Bazeley’s New Zealand side plays a modern, possession-based game that has made the All Whites technically confident and capable of stretching opponents wide. With Belgium and Egypt also in the group, Iran see this as the perfect chance to push toward finally breaking their knockout-stage barrier.Goal.com + 2
New Zealand are among the tournament’s weaker sides, and a tight, low-scoring match looks likely — though Iran remain favourites. Expect Iran to dominate possession, with a narrow 1-0 or 2-0 scoreline the most probable outcome.The Stats Zone
Iran’s predicted XI lines up in a 4-2-3-1: Beiranvand in goal, with Rezaeian, Kanaanizadegan, Hajsafi and Mohammadi across the back four, Ezatolahi and Torabi anchoring midfield, and Jahanbakhsh, Ghayedi and Ghoddos supporting captain Taremi up front. New Zealand are expected to set up in a 4-3-3 with Crocombe in goal, a back four of Smith, Boxall, P...",True,200,1.0
FIFA World Cup 2026 win predictions,https://technosports.co.in/japan-world-cup-2026-draw/,Japan World Cup 2026: 1 Dark Horse Justifies Credentials,Unknown Publisher,en,2026-06-16T19:55:27.087567+00:00,text_paragraph,win_predictions,"Japan’s 2026 World Cup journey reached a pivotal moment this week. The Samurai Blue fought hard for a draw against the Netherlands, proving they're a serious contender. This result, initially…
Japan’s 2026 World Cup journey reached a pivotal moment this week. The Samurai Blue fought hard for a draw against the Netherlands, proving they’re a serious contender. This result, initially reported byESPN, marks a significant shift in how people view Asian football powerhouses. They’re no longer just satisfied with competing; they want to win.
The disciplined tactics theJapanese squad showed during the match underscored their reputation as one of the most dangerous teams in the tournament.
They maintained a solid defensive shape while executing quick transitions, which consistently thwarted the Dutch attack and led to errors in crucial moments. This performance highlighted the team’s technical growth under their current coaching, focusing on high-intensity pressing and efficiency in finishing.
The tactical duel between the teams was a showcase of modern football strategies. Japan’s knack for disrupting Dutch build-up play was key to their success.
They utilized a versatile 4-2-3-1 formation, switching to a low block when necessary. This approach effectively closed down the spaces between the lines, preventing the Dutch midfield from establishing any rhythm. As a result, they were forced into wide areas where Japan’s fullbacks were ready to step up.
The big question is: can they keep ...",True,200,1.0
FIFA World Cup 2026 win predictions,https://technosports.co.in/fifa-world-cup-2026-group-f-netherlands-japan/,FIFA World Cup 2026 Group F: Netherlands vs Japan Report,Unknown Publisher,en,2026-06-16T19:55:27.176848+00:00,text_paragraph,win_predictions,"The Netherlands looked set to clinch all three points in their 2026 FIFA World Cup opener, but Daichi Kamada and Japan had other ideas. In Group F of the World…
The Netherlands looked set to clinch all three points in their2026 FIFA World Cupopener, but Daichi Kamada and Japan had other ideas. In Group F of the World Cup, the two nations shared a thrilling 2-2 draw at AT&T Stadium (Dallas Stadium) in Arlington.
The match, officiated by referee Ismail Elfath, simmered through a cagey, tight first half before bursting into action after the break. Virgil van Dijk and Crysencio Summerville scored for the Oranje, with Keito Nakamura and Kamada replying for the Samurai Blue. The numbers show the Netherlands controlled territory and created better looks in the box, while Japan’s elite defending and late bench impact secured a point.
The first half ended goalless, with both sides struggling to create openings. The Netherlands owned 69% of the possession and led the shot count 4-3. Donyell Malen almost broke the deadlock in the third minute as he spun away from his defender to fire a powerful shot on goal, but Japanese goalkeeper Zion Suzuki got behind it to make the save.
Coming into the World Cup, Ronald Koeman was left frustrated after the Netherlands failed to score from open play in three straight matches, and those troubles did not look set to end in the first half. In fact, three of their four first-half efforts came from set-piece situations (two corners, one free-kick). Tacti...",True,200,1.0
FIFA World Cup 2026 win predictions,https://technosports.co.in/screening-fifa-world-cup-2026-zee5/,Screening FIFA World Cup 2026 at Your Café or Mall? ZEE5's New Advisory Could Land You in Legal Trouble,Unknown Publisher,en,2026-06-16T19:55:27.210100+00:00,text_paragraph,win_predictions,"Football fever is sweeping India — but before your restaurant, café, or mall sets up that big screen for the World Cup, there's something critical you need to know. ZEE5…
Football fever is sweeping India — but before your restaurant, café, or mall sets up that big screen for the World Cup, there’s something critical you need to know. ZEE5 has issued a firm compliance advisory, and ignoring it could cost you heavily.
Zee Entertainment Enterprises, through its streaming platform ZEE5, has issued a compliance advisory ahead of the FIFA World Cup 2026, warning hotels, restaurants, and other commercial venues in India against unauthorised use of FIFA’s branding and content
In plain terms:you cannot simply plug in ZEE5 on a projector and charge customers to watch.A commercial exhibition licence is now mandatory.
Under the newly issued guidelines, commercial establishments are strictly prohibited from projecting or broadcasting ZEE5’s live stream to public audiences without acquiring the appropriate commercial exhibition licences. Any deviation from authorised broadcast feeds could result in immediate suspension of streaming services, heavy financial penalties, and legal prosecution under Indian broadcasting and copyright laws.
It’s not just about the screen. The terms “FIFA,” “World Cup 2026,” along with all official FIFA logos and associated marks, are protected intellectual property owned by FIFA. Any unauthorized use, reproduction, or public display of these trademarks — includi...",True,200,1.0
FIFA World Cup 2026 win predictions,https://technosports.co.in/fifa-world-cup-2026-sweden-vs-tunisia-report/,FIFA World Cup 2026 Group F: Sweden vs Tunisia Match Report,Unknown Publisher,en,2026-06-16T19:55:27.239163+00:00,text_paragraph,win_predictions,"With their first five-goal effort at the FIFA World Cup since 1938, Sweden have climbed to the top of Group F. Playing in front of a vibrant crowd of 50,987…
With their first five-goal effort at theFIFA World Cupsince 1938, Sweden have climbed to the top of Group F. Playing in front of a vibrant crowd of 50,987 at the Estadio BBVA in Monterrey, Mexico, Graham Potter’s side clicked into gear to deliver a statement 5-1 rout of Tunisia in their World Cup 2026 opener.
Having seen the Netherlands and Japan draw 2-2 in the other Group F opener, Sweden gave themselves a huge chance of reaching the knockout stages with an emphatic, clinical victory. Alexander Isak and Viktor Gyökeres starred up front, while Yasin Ayari was at the double to secure the win for the Scandinavians.
Sweden failed to qualify for the 2022 World Cup and had to sneak through the play-offs to make this tournament after a dismal qualifying campaign. Yet, Potter has them playing with plenty of confidence.
Operating in a flexible 3-1-4-2, Sweden turned pressure into premium chances early on. Ayari, who is of Tunisian descent, got the ball rolling with a thundering finish from distance in the seventh minute. Tunisia goalkeeper Abdelmouhib Chamakh had opened up the chance for Ayari to strike with a rash attempt at a clearance.
The shot-stopper should have done better when Isak opened his World Cup account on the half-hour mark. Isak finished from the edge of the box after racing onto Gyökeres’ pass, with Chamakh let...",True,200,1.0
FIFA World Cup 2026 win predictions,https://technosports.co.in/fifa-world-cup-2026-group-e-germany-vs-curucao/,FIFA World Cup 2026 Group E: Germany vs Curucao Report,Unknown Publisher,en,2026-06-16T19:55:27.644227+00:00,text_paragraph,win_predictions,"Germany started their World Cup 2026 campaign with an emphatic 7-1 win over debutants Curacao in Group E. Playing under the closed roof of NRG Stadium in Houston, Texas, in front of…
Germany started theirWorld Cup 2026campaign with an emphatic 7-1 win over debutants Curacao in Group E. Playing under the closed roof of NRG Stadium in Houston, Texas, in front of 68,021 fans, Julian Nagelsmann’s side had to overcome a slightly nervy period in the first half. However, after Curacao scored their first-ever goal at the tournament, Germany got the job done in style, recording seven goals in a free-scoring game that never lost its pace.
With 65% possession and a 26-8 shot count, Germany controlled both territory and tempo. The expected goals (xG) gap told the same story, 3.90 to 0.40, and the touches inside the box did too, ending 62 to 10. Re-live the best facts and stats from this Group E opener as Germany sent a ruthless message to the rest of the world.
Germany started quickly, utilizing a 4-2-3-1 shape to keep the ball flowing through Florian Wirtz and Jamal Musiala between the lines. At just six minutes, Felix Nmecha made it 1-0, playing a lovely one-two with Wirtz before bending his shot around his marker and just inside the right-hand post. Clocking in at 05:17, Nmecha scored the quickest goal by a Germany player on his first-ever World Cup start since Philipp Lahm against Costa Rica in 2006 (05:08).
But it was not plain sailing for Germany in the opening stages. Curacao, ran...",True,200,1.0
FIFA World Cup 2026 win predictions,https://inside.fifa.com/data-protection-portal/data-protection-policy,Privacy Policy,Unknown Publisher,en,2026-06-16T19:55:27.892505+00:00,text_paragraph,win_predictions,"Living Football is our commitment to the people who love the beautiful game – and that includes the way we process your personal data. We’re proud that you trust us to look after your data and our dedicated team members work hard to keep all personal data safe and secure.
We take your privacy as seriously as we take the game. Whether you're on the pitch or enjoying the sport off it, we're here to make sure your data stays protected at all times.
When it comes to data, we comply with the applicable laws and regulations, including the Swiss Federal Act on Data Protection (FADP), the General Data Protection Regulation (GDPR), and other applicable data protection laws in the regions where we operate.
At FIFA, we always play by the rules. Data protection laws are complex, so all team members who deal with personal data get the right training to make sure they’re match fit when it comes to your information. Our approach is based on the following four data principles – the game plan we all strive to follow when it comes to data:
We process your data lawfully, fairly and transparently.
We collect data for a specific purpose. Once we’ve fulfilled that purpose, we won’t process your data again.
We keep your data accurate and up to date, only retaining it for as long as we need it.
We keep all personal data confidential, accurate and available.
Individuals whose data we collect have certain rights, which may include, but are not limited to, the following, depending on the jurisdiction i...",True,200,0.9
FIFA World Cup 2026 win predictions,https://www.foxsports.com/soccer,"Soccer News, Highlights and Scores | FOX Sports",Unknown Publisher,en,2026-06-16T19:55:28.097558+00:00,text_paragraph,win_predictions,"Welcome to the ultimate hub for soccer coverage, brought to you by FOX Sports! With broadcast rights to some of the biggest tournaments and leagues in the world, including theFIFA Men’s World Cup,FIFA Women’s World Cup,UEFA European Championship,UEFA Nations League,Copa AméricaandMLS, FOX Sports delivers unmatched access to the most thrilling moments in the beautiful game. Stay tuned for live matches, in-depth analysis, and unforgettable highlights—all in one place.Beyond exclusive broadcasts, FOX Sports will keep you connected to every corner of the soccer universe. From thePremier LeagueandLa LigatoChampions LeagueandBundesliga, our coverage includes live scores, player stats, and league standings. Whether you’re following your favorite club or tracking the hottest players, FOX Sports is your trusted source for all things soccer.",True,200,1.0
FIFA World Cup 2026 win predictions,https://www.foxsports.com/soccer/2022-fifa-world-cup,Men's FIFA World Cup 2022 - Live Stream Soccer Games | FOX Sports,Unknown Publisher,en,2026-06-16T19:55:28.333092+00:00,text_paragraph,win_predictions,"The 2022 FIFA World Cup™ in Qatar is the 22nd edition of the biggest sporting event on the planet.  The tournament is already at a fever pitch, being held in the winter for the first time since 1930.
The FOX family of networks and the FOX Sports app are your complete home for World Cup content, including live matches, complete highlights, commentary and analysis, and full-match replays. You can also watch full-length replays onTubi.
Check out ourFIFA World Cup 2022 Fan Guidefor everything you need to know about this year's event.
FIFA World Cup 2022™ is scheduled for November 20 to December  18, 2022.
Qatar is scheduled to host FIFA World Cup 2022™. It will be the first World Cup held in the Middle East and just the second to be staged in Asia.
The FIFA World Cup will air on FOX, FS1,FOXSports.com, theFOX Sports App, andstream for free on Tubi. FOX is your home for game highlights, analysis, standings, team & player stats, and more.
Yes. TheUnited States Men’s National Teamis back in the World Cup for the first time in eight years.
The final draw for the 2022 World Cup in Qatar was held on April 1, 2022. TheUnited States Men’s National Teamwas drawn to Group B.
Live streaming and full replays of FIFA World Cup 2022™ will be available onFOXSports.comand theFOX Sports App. Full replays of the FIFA World Cup 2022™ will also be available onTubi.
Because of the scalding desert temperatures in Qatar, the monthlong tournament was moved from its traditional summer window. The final a...",True,200,0.9
